{
  "model": "runs/classify/train_multiclass/weights/best.pt",
  "test_dir": "data\\pothole_multiclass_cls\\test",
  "num_samples": 154,
  "accuracy": 0.9805,
  "f1_weighted": 0.9709,
  "f1_macro": 0.4951,
  "classes": [
    "Patch",
    "Pothole",
    "object"
  ],
  "confusion_matrix": [
    [
      0,
      0,
      0
    ],
    [
      0,
      151,
      0
    ],
    [
      0,
      3,
      0
    ]
  ],
  "classification_report": {
    "Patch": {
      "precision": 0.0,
      "recall": 0.0,
      "f1-score": 0.0,
      "support": 0.0
    },
    "Pothole": {
      "precision": 0.9805194805194806,
      "recall": 1.0,
      "f1-score": 0.9901639344262295,
      "support": 151.0
    },
    "object": {
      "precision": 0.0,
      "recall": 0.0,
      "f1-score": 0.0,
      "support": 3.0
    },
    "accuracy": 0.9805194805194806,
    "macro avg": {
      "precision": 0.3268398268398269,
      "recall": 0.3333333333333333,
      "f1-score": 0.3300546448087432,
      "support": 154.0
    },
    "weighted avg": {
      "precision": 0.961418451678192,
      "recall": 0.9805194805194806,
      "f1-score": 0.9708750266127316,
      "support": 154.0
    }
  }
}